[
  {
    "               Año": "2019"
  },
  {
    "               Año": "Miles de pesos"
  },
  {
    "__EMPTY_1": "Activos"
  },
  {
    "__EMPTY_1": "Activos corrientes"
  },
  {
    "__EMPTY_1": "Efectivo y equivalentes al efectivo"
  },
  {
    "__EMPTY_1": "Activos financieros"
  },
  {
    "__EMPTY_1": "Otros activos no financieros"
  },
  {
    "__EMPTY_1": "Deudores educacionales y otras cuentas por  cobrar, netos"
  },
  {
    "__EMPTY_1": "Cuentas por cobrar a partes relacionadas"
  },
  {
    "__EMPTY_1": "Activo por impuestos corrientes"
  },
  {
    "__EMPTY_1": "Total activos corrientes"
  },
  {
    "__EMPTY_1": "Activos no Corrientes"
  },
  {
    "__EMPTY_1": "Otros activos financieros, no corrientes"
  },
  {
    "__EMPTY_1": "Activos intangibles, netos"
  },
  {
    "__EMPTY_1": "Propiedades, planta y equipos, neto"
  },
  {
    "__EMPTY_1": "Activos por derecho de uso"
  },
  {
    "__EMPTY_1": "Total activos no corrientes"
  },
  {
    "__EMPTY_1": "Total Activos"
  },
  {
    "__EMPTY_1": "Pasivos y patrimonio"
  },
  {
    "__EMPTY_1": "Pasivos corrientes"
  },
  {
    "__EMPTY_1": "Pasivos financieros por arrendamientos"
  },
  {
    "__EMPTY_1": "Otros pasivos no financieros"
  },
  {
    "__EMPTY_1": "Cuentas comerciales y otras cuentas por pagar"
  },
  {
    "__EMPTY_1": "Otras provisiones"
  },
  {
    "__EMPTY_1": "Pasivos por impuestos corrientes"
  },
  {
    "__EMPTY_1": "Provisiones por beneficios a los empleados"
  },
  {
    "__EMPTY_1": "Total pasivos Corrientes"
  },
  {
    "__EMPTY_1": "Pasivos no corrientes"
  },
  {
    "__EMPTY_1": "Pasivos financieros por arrendamientos"
  },
  {
    "__EMPTY_1": "Otras povisiones"
  },
  {
    "__EMPTY_1": "Provisiones por beneficios a los empleados"
  },
  {
    "__EMPTY_1": "Total pasivos no corrientes"
  },
  {
    "__EMPTY_1": "Patrimonio"
  },
  {
    "__EMPTY_1": "Aportes y donaciones"
  },
  {
    "__EMPTY_1": "Resultados retenidos"
  },
  {
    "__EMPTY_1": "Total patrimonio neto"
  },
  {
    "__EMPTY_1": "Total pasivos y patrimonio"
  },
  {
    "__EMPTY_1": "Estado de resultados integrales"
  },
  {
    "__EMPTY_1": "Estado de resultados"
  },
  {
    "__EMPTY_1": "Ingresos de actividades ordinarios"
  },
  {
    "__EMPTY_1": "Costo de ventas"
  },
  {
    "__EMPTY_1": "margen bruto "
  },
  {
    "__EMPTY_1": "Otros ingresos por función"
  },
  {
    "__EMPTY_1": "Gastos de administración"
  },
  {
    "__EMPTY_1": "Otras ganacias(pérdidas)"
  },
  {
    "__EMPTY_1": "Ingresos financieros"
  },
  {
    "__EMPTY_1": "Costos financieros"
  },
  {
    "__EMPTY_1": "Resultado por unidad de reajuste"
  },
  {
    "__EMPTY_1": "Ganancia, antes de impuesto"
  },
  {
    "__EMPTY_1": "Gasto por impuesto a las  ganancias"
  },
  {
    "__EMPTY_1": "Ganancia, después de impuesto"
  },
  {
    "__EMPTY_1": "Resultado de ingresos y gastos integrales, total"
  },
  {
    "__EMPTY_1": "Estado de otros resultados integrales"
  },
  {
    "__EMPTY_1": "Ganancia (pérdida)"
  },
  {
    "__EMPTY_1": "Ganancia (pérdidas) actuariales por planes de beneficios actuariales"
  },
  {
    "__EMPTY_1": "Total resultado ingresos y gastos integrales"
  }
]
